{
    "Recall": 0.8367346938775511,
    "Precision": 0.8558422773516793,
    "F1_Score": 0.8450449246801829,
    "AUC": 0.6970942982456141
}